Misspelled,Correct
all doen,all done
all dun,all done
al done,all done
al dun,all done
all don,all done
al don,all done
all dne,all done
al dne,all done
aal done,all done
all doone,all done
all ddone,all done
alldone,all done
allldone,all done
all donne,all done
aall done,all done
al donee,all done
all dunn,all done
all doon,all done
all doan,all done
alldun,all done
all-dun,all done
ahl done,all done
alldunne,all done
ol done,all done
oll done,all done
all doin,all done
allldun,all done
all ddun,all done
aldone,all done
all do,all done
alldonee,all done
ol dun,all done
all dnone,all done
all dune,all done
aal dun,all done
alldonne,all done
dont,don't
don;t,don't
do'nt,don't
doont,don't
donit,don't
donnt,don't
doent,don't
donte,don't
dond,don't
dnt,don't
dontt,don't
dn't,don't
d'on't,don't
dnot,don't
donot,don't
daont,don't
dondt,don't
don'tt,don't
doant,don't
dno't,don't
doint,don't
dont',don't
donts,don't
donâ€™t,don't
donn't,don't
donet,don't
dount,don't
donti,don't
dotn,don't
do nt,don't
don t,don't
donnt,don't
ddont,don't
dooon,don't
dunt,don't
dint,don't
ddoont,don't
donut,don't
doont,don't
donnt,don't
d'don’t,don't
don’t,don't
dnnt,don't
dnt,don't
dntt,don't
helo,help
hellow,hello
helllo,hello
heloo,hello
heelo,hello
hillo,hello
helow,hello
helloo,hello
heello,hello
hullo,hello
hlw,hello
heloe,hello
hilo,hello
heleo,hello
hallo,hello
helol,hello
haelo,hello
hello,hello
hlww,hello
hellooo,hello
hep,help
helpp,help
helf,help
hlep,help
hepl,help
helap,help
help,help
hlp,help
helb,help
heelp,help
helpe,help
helep,help
helop,help
hlelp,help
helup,help
hhelp,help
hhheeeelllpppppp,help
helppp,help
hungery,hungry
hunrgy,hungry
hungrey,hungry
hungy,hungry
hngry,hungry
hungary,hungry
hungrie,hungry
hungri,hungry
hungr,hungry
hundry,hungry
hungey,hungry
hunggry,hungry
hungray,hungry
hunry,hungry
hngery,hungry
hungru,hungry
hungrt,hungry
hungrry,hungry
hunge,hungry
hugnry,hungry
hongry,hungry
hunrgi,hungry
hungro,hungry
hungeryy,hungry
hurngy,hungry
hngri,hungry
hurngry,hungry
hunggri,hungry
hungrly,hungry
hungriy,hungry
hingry,hungry
hungeary,hungry
hunggryy,hungry
hurny,hungry
hunery,hungry
hangry,hungry
hangri,hungry
moor,more
moar,more
mor,more
mohr,more
moer,more
mure,more
morr,more
mroe,more
mohre,more
moir,more
plesae,please
plese,please
plz,please
pleez,please
pleasse,please
pleas,please
plze,please
pleaze,please
plaese,please
pleace,please
pleass,please
pleasze,please
plaize,please
pleaz,please
thankyou,thank you
thank-you,thank you
thanku,thank you
thankyouu,thank you
thankyouuu,thank you
thank-youu,thank you
thankyu,thank you
thanky,thank you
thankyouuuu,thank you
thankyouuuuu,thank you
thankyuu,thank you
thankyouuuuuu,thank you
thankyouuuuuuu,thank you
thanqyou,thank you
thanq-you,thank you
thankyuo,thank you
thankuou,thank you
thankyuuu,thank you
thank-yu,thank you
thanx,thank you
thank u,thank you
thnx,thank you
tnk u,thank you
thanks,thank you
tnk you,thank you
watter,water
watar,water
woter,water
watre,water
wader,water
wauter,water
weter,water
aqwa,water
aquaa,water
aquah,water
aquu,water
aqau,water
aquas,water
aqu,water
aqya,water
aqua,water
no,no
nno,no
not,no
nto,no
on,no
non,no
nee,no
noon,no
nnno,no
noo,no
nnoo,no
no,no
kno,no
mo,no
mno,no
nnoo,no
jno,no
nao,no
nop,no
pno,no
sno,no
np,no
nope,no
nr,no
nt,no
niio,no
tilet,toilet
toile,toilet
toilet,toilet
toilelt,toilet
tpilet,toilet
tuilet,toilet
ttoilet,toilet
tooilet,toilet
tolite,toilet
toileti,toilet
tlilet,toilet
toileet,toilet
tiolet,toilet
toliet,toilet
toilete,toilet
telet,toilet
thoilet,toilet
whta,what
waht,what
wha,what
wht,what
whar,what
whart,what
wha,what
wath,what
wthat,what
wh,what
wut,what
whot,what
whit,what
whatt,what
whhat,what
whst,what
what,what
whet,what
whtt,what
whattt,what
wthat,what
waaat,what
wht,what
wt,what
whaaat,what
whttt,what
wwhat,what
whhat,what
whaatt,what
wha,what
whtt,what
whaaat,what
whata,what
wat,what
whatt,what
whatta,what
whne,when
whnn,when
whn,when
wheen,when
wheeen,when
when,when
ven,when
vennn,when
veen,when
whhen,when
whin,when
whjn,when
whwn,when
whhn,when
when,when
vennn,when
when,when
whnn,when
wien,when
whfn,when
whmn,when
whnm,when
whhnn,when
whnna,when
whenn,when
whhhn,when
wheeen,when
whdn,when
whmn,when
whjn,when
whkn,when
whgn,when
wh,when
whggn,when
when,when
when,when
ven,when
when,when
whin,when
wwhen,when
whennn,when
whr,where
wghere,where
wrhre,where
wher,where
wherr,where
whweer,where
wher,where
whwer,where
whrh,where
whrre,where
wherrr,where
whrwe,where
wheeer,where
wre,where
wherr,where
weher,where
wehr,where
wehr,where
wrhe,where
whre,where
whhhere,where
whhere,where
whir,where
wehre,where
whier,where
wheirr,where
whier,where
whioer,where
whierr,where
whhhere,where
whewe,where
wherrr,where
where,where
whrre,where
werr,where
whr,where
wr,where
whot,who
whho,who
ho,who
hhoo,who
hooo,who
huu,who
huu,who
wgu,who
wuu,who
whuu,who
whoo,who
whhooo,who
whoo,who
wwhu,who
whlo,who
wwwhoo,who
whuuo,who
whou,who
whou,who
whuu,who
wwu,who
whou,who
wwhu,who
who,who
wwhu,who
whooo,who
whu,who
huu,who
hooo,who
hooe,who
whho,who
whi,why
whie,why
why,why
whyy,why
whhy,why
whhy,why
wwwhy,why
whyy,why
whhy,why
whyy,why
whyyy,why
whyyyy,why
y,why
yi,why
wai,why
yai,why
whi,why
weye,why
weyee,why
whhy,why
wyeee,why
wyer,why
whyyy,why
whi,why
vai,why
vaai,why
vaaai,why
whai,why
wvaii,why
wvy,why
yess,yes
yesss,yes
yyess,yes
yese,yes
yaas,yes
yey,yes
yaay,yes
yo,yes
yees,yes
yyess,yes
Yes,yes
Yees,yes
yss,yes
ys ,yes
yup,yes
yepp,yes
yyep,yes
yyupp,yes
yupp,yes
yesss,yes
yeesss,yes
yese,yes
yesss,yes
ysss,yes
yis,yes
yus,yes
yxx,yes
yexx,yes
yux,yes
yyess,yes
yes,yes
yess,yes
u,you
uuu,you
youuu,you
yu,you
vou,you
yoou,you
yju,you
yguu,you
yoouu,you
yyouu,you
youu,you
u,you
uu,you
ycu,you
yyou,you
yuu,you
yui,you
yyou,you
yoou,you
youu,you
yuuu,you
yo,you
yooy,you
yoi,you
youu,you
yyouu,you
uu,you
yodu,you
yOu,you
you,you
You,you
yu,you
yuuu,you
ate,eat
eet,eat
et,eat
atte,eat
eaat,eat
ete,eat
ett,eat
eat,eat
est,eat
eate,eat
atea,eat
eaait,eat
eiet,eat
eet,eat
eaat,eat
eat,eat
ett,eat
eaaat,eat
eating,eat
eatng,eat
etng,eat
eata,eat
eaat,eat
eat,eat
eeat,eat
eatt,eat
eata,eat
ate,eat
et,eat
eaat,eat
